{"IcoMoonType":"selection","icons":[{"icon":{"paths":["M928 128h-832c-52.8 0-96 43.2-96 96v640c0 52.8 43.2 96 96 96h832c52.8 0 96-43.2 96-96v-640c0-52.8-43.2-96-96-96zM398.74 550.372l-270.74 210.892v-501.642l270.74 290.75zM176.38 256h671.24l-335.62 252-335.62-252zM409.288 561.698l102.712 110.302 102.71-110.302 210.554 270.302h-626.528l210.552-270.302zM625.26 550.372l270.74-290.75v501.642l-270.74-210.892z"],"tags":["envelop","mail","email","contact","letter"],"defaultCode":59717,"grid":16,"attrs":[]},"attrs":[],"properties":{"ligatures":"mail","name":"envelop","order":3,"id":70,"prevSize":32,"code":59717},"setIdx":0,"setId":1,"iconIdx":69},{"icon":{"paths":["M736 0h-448c-52.8 0-96 43.2-96 96v832c0 52.8 43.2 96 96 96h448c52.8 0 96-43.2 96-96v-832c0-52.8-43.2-96-96-96zM384 48h256v32h-256v-32zM512 960c-35.346 0-64-28.654-64-64s28.654-64 64-64 64 28.654 64 64-28.654 64-64 64zM768 768h-512v-640h512v640z"],"tags":["mobile","cell-phone","handheld"],"defaultCode":59736,"grid":16,"attrs":[]},"attrs":[],"properties":{"ligatures":"telefon","name":"mobile","order":4,"id":89,"prevSize":32,"code":59736},"setIdx":0,"setId":1,"iconIdx":88},{"icon":{"paths":["M320 192c0-106.039 85.961-192 192-192s192 85.961 192 192c0 106.039-85.961 192-192 192s-192-85.961-192-192zM768.078 448h-35.424l-199.104 404.244 74.45-372.244-96-96-96 96 74.45 372.244-199.102-404.244h-35.424c-127.924 0-127.924 85.986-127.924 192v320h768v-320c0-106.014 0-192-127.922-192z"],"tags":["user-tie","user","user-employee","profile","avatar","person","member","job","official"],"defaultCode":59766,"grid":16,"attrs":[]},"attrs":[],"properties":{"ligatures":"pozice","name":"user-tie","order":2,"id":119,"prevSize":32,"code":59766},"setIdx":0,"setId":1,"iconIdx":118}],"height":1024,"metadata":{"name":"icomoon"},"preferences":{"showGlyphs":true,"showQuickUse":true,"showQuickUse2":true,"showSVGs":true,"fontPref":{"prefix":"icon-","metadata":{"fontFamily":"icomoon"},"metrics":{"emSize":1024,"baseline":6.25,"whitespace":50},"embed":false},"imagePref":{"prefix":"icon-","png":true,"useClassSelector":true,"color":0,"bgColor":16777215,"classSelector":".icon"},"historySize":50,"showCodes":true,"gridSize":16,"showLiga":true}}